idx,map_sum,loss,iou,bin_idx
141.0,29580.0,1.0,0.003199338912963867,0
845.0,0.0,0.9523968696594238,0.026085685938596725,0
211.0,64770.0,0.8810446858406067,0.06415116786956787,0
317.0,63750.0,0.42811745405197144,0.400823175907135,0
210.0,49215.0,0.5030592679977417,0.33139070868492126,0
194.0,49215.0,0.7880745530128479,0.11884395033121109,0
918.0,44115.0,0.649785041809082,0.2137833833694458,0
914.0,46665.0,0.9246745109558105,0.04101327806711197,0
821.0,37485.0,0.6407724618911743,0.220292866230011,0
316.0,67575.0,0.502686619758606,0.3314070701599121,0
270.0,65535.0,0.5931098461151123,0.2557872533798218,0
885.0,68085.0,0.5736051797866821,0.27181461453437805,0
105.0,31620.0,1.0,0.0016126577975228429,0
288.0,69105.0,1.0,0.001135453931055963,0
403.0,108120.0,0.4712691307067871,0.3596210777759552,1
227.0,141525.0,0.5053080320358276,0.3288559019565582,1
37.0,104805.0,0.737390398979187,0.15153248608112335,1
215.0,135405.0,0.7172126173973083,0.16502732038497925,1
214.0,112710.0,0.749756932258606,0.14332686364650726,1
212.0,81090.0,1.0,0.0015650124987587333,1
884.0,145860.0,0.7155618071556091,0.1663471907377243,1
144.0,112710.0,0.4631235599517822,0.3671441376209259,1
208.0,96135.0,0.5066765546798706,0.3277606964111328,1
630.0,109650.0,0.6504838466644287,0.21219144761562347,1
231.0,147645.0,0.5513771772384644,0.28946658968925476,1
959.0,110925.0,0.531755805015564,0.3060716986656189,1
168.0,92055.0,0.6704562902450562,0.19816216826438904,1
875.0,149430.0,0.7575700879096985,0.1383163332939148,1
29.0,118065.0,0.4214000701904297,0.4072681665420532,1
86.0,112710.0,0.4462059736251831,0.38321545720100403,1
27.0,105570.0,0.7007898092269897,0.17638660967350006,1
250.0,119085.0,0.3735528588294983,0.4562917649745941,1
252.0,91800.0,0.4053118824958801,0.4234475791454315,1
249.0,86445.0,0.516312837600708,0.31940627098083496,1
247.0,121890.0,0.6506907343864441,0.21195967495441437,1
246.0,115260.0,0.6520224809646606,0.21100470423698425,1
314.0,100470.0,0.8918935656547546,0.0577576644718647,1
251.0,92820.0,0.3579767346382141,0.47305062413215637,1
318.0,91035.0,0.7199876308441162,0.16324427723884583,1
714.0,114750.0,0.7466539144515991,0.14523929357528687,1
18.0,145350.0,0.37791961431503296,0.4516793191432953,1
26.0,147135.0,0.5201388597488403,0.31587648391723633,1
735.0,78030.0,0.39341217279434204,0.43572351336479187,1
286.0,77265.0,0.5697648525238037,0.2745192348957062,1
991.0,93840.0,0.7155156135559082,0.16632568836212158,1
879.0,164220.0,0.3656545877456665,0.46466314792633057,2
559.0,189210.0,0.274450421333313,0.5694106817245483,2
404.0,188445.0,0.35746335983276367,0.4734916090965271,2
847.0,201195.0,0.7196747064590454,0.16337694227695465,2
405.0,200685.0,0.339471697807312,0.4932558834552765,2
912.0,205020.0,1.0,0.0004327131318859756,2
410.0,153255.0,0.4376606345176697,0.3913598954677582,2
895.0,165495.0,0.40942084789276123,0.4191989600658417,2
315.0,171105.0,0.43475955724716187,0.3940933644771576,2
139.0,189975.0,0.5239722728729248,0.3126342296600342,2
109.0,186405.0,0.30909883975982666,0.5279081463813782,2
114.0,168045.0,0.34290117025375366,0.48948338627815247,2
265.0,179520.0,0.28412073850631714,0.5576216578483582,2
289.0,151725.0,0.5749280452728271,0.27021992206573486,2
101.0,170595.0,0.527098536491394,0.3099208474159241,2
402.0,175440.0,0.4934513568878174,0.3393498659133911,2
173.0,185385.0,0.9063754677772522,0.049642350524663925,2
167.0,195840.0,0.5704395771026611,0.2738053500652313,2
331.0,219300.0,0.5278229117393494,0.30922868847846985,2
332.0,149685.0,0.4520920515060425,0.37755194306373596,2
333.0,214455.0,0.4746285080909729,0.35644233226776123,2
334.0,175695.0,0.39778363704681396,0.43104279041290283,2
335.0,174675.0,0.5350449085235596,0.30310019850730896,2
235.0,167025.0,0.5687586069107056,0.2750397324562073,2
336.0,165750.0,0.4782484173774719,0.35316550731658936,2
337.0,171360.0,0.3750928044319153,0.45465150475502014,2
321.0,180540.0,0.7905629873275757,0.11732281744480133,2
913.0,176460.0,0.8465560674667358,0.08353942632675171,2
320.0,160140.0,0.5343230962753296,0.3037658631801605,2
209.0,193035.0,0.4678930640220642,0.36265480518341064,2
245.0,181305.0,0.5883009433746338,0.2594124376773834,2
193.0,183855.0,0.5686334371566772,0.27513304352760315,2
374.0,209355.0,0.8308647274971008,0.09274054318666458,2
952.0,182580.0,0.451987087726593,0.37762755155563354,2
381.0,164220.0,0.4557858109474182,0.37404999136924744,2
919.0,204510.0,0.5028669834136963,0.33101364970207214,2
916.0,174675.0,0.4951956272125244,0.3378804624080658,2
326.0,223380.0,0.4571123719215393,0.37272027134895325,2
319.0,163455.0,0.41954290866851807,0.4091024696826935,2
339.0,196095.0,0.7352031469345093,0.15292423963546753,2
722.0,179775.0,0.8750490546226501,0.06681176275014877,2
620.0,213180.0,0.4611738920211792,0.36896219849586487,2
78.0,174930.0,0.40215742588043213,0.42654281854629517,2
691.0,166260.0,0.7592418193817139,0.13704228401184082,2
996.0,190740.0,0.7546209096908569,0.14025059342384338,2
776.0,155550.0,0.7564510107040405,0.139072448015213,2
807.0,192525.0,0.40957891941070557,0.4190119802951813,2
806.0,217515.0,0.4755513668060303,0.35560211539268494,2
700.0,178755.0,0.5554307699203491,0.2860168516635895,2
992.0,201960.0,0.7921066880226135,0.11631444096565247,2
28.0,175185.0,0.6424583196640015,0.21799571812152863,2
803.0,205020.0,0.44202864170074463,0.3870825171470642,2
30.0,200685.0,0.39944422245025635,0.4292576313018799,2
62.0,168045.0,0.6690610647201538,0.19852203130722046,2
987.0,212670.0,0.5759477019309998,0.26925984025001526,2
594.0,190740.0,0.30858761072158813,0.5284900665283203,2
984.0,197625.0,0.5220563411712646,0.31425610184669495,2
85.0,215730.0,0.42307358980178833,0.4055590033531189,2
690.0,179265.0,0.7032296061515808,0.174404114484787,2
60.0,159630.0,0.5793036818504333,0.26672306656837463,2
808.0,164985.0,0.4964005947113037,0.33672523498535156,2
4.0,191250.0,0.4801040291786194,0.35141485929489136,2
713.0,210120.0,0.5599024891853333,0.2823147177696228,2
968.0,171615.0,0.5723073482513428,0.2723298668861389,2
383.0,298350.0,0.4702994227409363,0.36037471890449524,3
41.0,276675.0,0.29306477308273315,0.546794056892395,3
801.0,234090.0,0.3487248420715332,0.4830135405063629,3
809.0,230520.0,0.521273136138916,0.3148626387119293,3
170.0,232560.0,0.4351218342781067,0.3938050866127014,3
171.0,285090.0,0.5237007141113281,0.3127264678478241,3
986.0,243780.0,0.506109893321991,0.3280807137489319,3
805.0,251685.0,0.3105376362800598,0.5261996388435364,3
345.0,297330.0,0.45408350229263306,0.37556251883506775,3
347.0,263160.0,0.5560107231140137,0.28553539514541626,3
369.0,238425.0,0.4776270389556885,0.35366758704185486,3
172.0,241995.0,0.7163361310958862,0.1655460149049759,3
57.0,270555.0,0.3112112283706665,0.5253982543945312,3
174.0,261120.0,0.6598881483078003,0.20509998500347137,3
925.0,286365.0,0.5530180931091309,0.28802022337913513,3
915.0,236640.0,0.4633410573005676,0.36687687039375305,3
377.0,244290.0,0.5686200857162476,0.2752094864845276,3
978.0,287895.0,0.5995525121688843,0.25050657987594604,3
38.0,267750.0,0.33288371562957764,0.5006076693534851,3
178.0,285600.0,0.3098154664039612,0.5270401239395142,3
923.0,247095.0,0.5252072811126709,0.3114534020423889,3
183.0,292230.0,0.4265620708465576,0.4021059572696686,3
218.0,241740.0,0.3757364749908447,0.4539029896259308,3
844.0,251175.0,0.3229408860206604,0.5118760466575623,3
647.0,269280.0,0.707412838935852,0.1715991497039795,3
1.0,263415.0,0.46748411655426025,0.3630472719669342,3
946.0,293250.0,0.42171865701675415,0.4068809449672699,3
947.0,294780.0,0.5195696353912354,0.316298246383667,3
293.0,289425.0,0.5444444417953491,0.29512715339660645,3
294.0,298860.0,0.40596967935562134,0.42262545228004456,3
271.0,264690.0,0.43897855281829834,0.3900110125541687,3
746.0,226440.0,0.5823562145233154,0.26415425539016724,3
266.0,284325.0,0.42524075508117676,0.40337783098220825,3
7.0,281265.0,0.2751001715660095,0.5685885548591614,3
303.0,274125.0,0.5615370273590088,0.2809027135372162,3
304.0,294270.0,0.37538331747055054,0.45423707365989685,3
305.0,268770.0,0.4924577474594116,0.3402163088321686,3
313.0,227205.0,0.6729593276977539,0.19581903517246246,3
255.0,258570.0,0.4733337163925171,0.3576200008392334,3
219.0,229755.0,0.3016201853752136,0.5366516709327698,3
8.0,295035.0,0.3377724289894104,0.4951137900352478,3
777.0,294525.0,0.6702905893325806,0.1976803094148636,3
243.0,286365.0,0.6428416967391968,0.21757009625434875,3
779.0,288150.0,0.6971927881240845,0.1787007451057434,3
780.0,280245.0,0.4255392551422119,0.4030793011188507,3
239.0,292995.0,0.4445626735687256,0.3845852315425873,3
238.0,279735.0,0.5743833780288696,0.2704556882381439,3
781.0,246840.0,0.5650862455368042,0.2780704200267792,3
236.0,233835.0,0.5229634642601013,0.31337234377861023,3
325.0,279480.0,0.3360373377799988,0.4970448613166809,3
232.0,266475.0,0.4279807209968567,0.4007323384284973,3
329.0,237660.0,0.37604933977127075,0.453567236661911,3
226.0,246840.0,0.5195005536079407,0.31636807322502136,3
225.0,276420.0,0.3786323666572571,0.4508402347564697,3
33.0,268515.0,0.4672228693962097,0.3632822334766388,3
775.0,266475.0,0.6889679431915283,0.18441243469715118,3
327.0,234855.0,0.4414442777633667,0.3876219093799591,3
53.0,252960.0,0.5699123740196228,0.27412670850753784,3
619.0,298860.0,0.4832642674446106,0.3485144078731537,3
595.0,269790.0,0.327195405960083,0.5070258975028992,3
447.0,227460.0,0.3178960084915161,0.5176858901977539,3
450.0,246585.0,0.5684502124786377,0.2753106951713562,3
451.0,294015.0,0.3765980005264282,0.45295366644859314,3
958.0,261120.0,0.5233543515205383,0.31305089592933655,3
466.0,264180.0,0.6741445064544678,0.19477997720241547,3
888.0,297075.0,0.48893529176712036,0.3433769643306732,3
953.0,279480.0,0.7168596982955933,0.16513289511203766,3
887.0,235110.0,0.3798246383666992,0.4495881199836731,3
75.0,256530.0,0.3867388963699341,0.4423278570175171,3
481.0,295545.0,0.549789547920227,0.29062938690185547,3
486.0,298860.0,0.3505207896232605,0.48100516200065613,3
113.0,246330.0,0.3124280571937561,0.5239884853363037,3
489.0,283815.0,0.5279264450073242,0.3090818226337433,3
878.0,262395.0,0.2813526391983032,0.5609598159790039,3
500.0,231540.0,0.6191514134407043,0.23535001277923584,3
876.0,288660.0,0.7712072730064392,0.1294017881155014,3
841.0,228225.0,0.48995888233184814,0.3424677550792694,3
560.0,271830.0,0.2920103669166565,0.5480471253395081,3
569.0,281775.0,0.7905809879302979,0.11720786243677139,3
846.0,228735.0,0.5233297944068909,0.313090056180954,3
92.0,286110.0,0.5301517248153687,0.30716314911842346,3
848.0,255000.0,0.4572030305862427,0.3726460039615631,3
446.0,239955.0,0.4308941960334778,0.39788174629211426,3
543.0,238425.0,0.7979272603988647,0.1127004399895668,3
518.0,231540.0,0.507475733757019,0.326907753944397,3
871.0,247350.0,0.5081443786621094,0.32633504271507263,3
512.0,287640.0,0.4531313180923462,0.3764440417289734,3
873.0,290700.0,0.3735756278038025,0.456179141998291,3
874.0,295290.0,0.6083486080169678,0.24369215965270996,3
578.0,296055.0,0.5963930487632751,0.2529792785644531,3
521.0,235875.0,0.2795007824897766,0.5631939768791199,3
892.0,255000.0,0.4067079424858093,0.42186278104782104,3
468.0,245820.0,0.45718854665756226,0.37263572216033936,3
284.0,289170.0,0.5019802451133728,0.33170539140701294,3
420.0,282540.0,0.4101659655570984,0.4183807075023651,3
910.0,249645.0,0.3675246238708496,0.4626059830188751,3
411.0,298350.0,0.34418022632598877,0.4880041182041168,3
905.0,230520.0,0.5127371549606323,0.32226797938346863,3
422.0,240975.0,0.7672951221466064,0.13195198774337769,3
896.0,255255.0,0.34426164627075195,0.4879196882247925,3
616.0,268770.0,0.29699283838272095,0.542119026184082,3
424.0,238170.0,0.5876688361167908,0.25988101959228516,3
65.0,261630.0,0.3081369400024414,0.5289918184280396,3
161.0,241230.0,0.46270227432250977,0.3674257695674896,3
617.0,278205.0,0.3847619891166687,0.4443974196910858,3
382.0,315435.0,0.4881856441497803,0.34401682019233704,4
418.0,313650.0,0.3350480794906616,0.49816787242889404,4
770.0,371790.0,0.8801326751708984,0.06396807730197906,4
771.0,348075.0,0.7206972241401672,0.16251929104328156,4
628.0,319260.0,0.6002336740493774,0.2500225305557251,4
909.0,353685.0,0.3564814329147339,0.47448456287384033,4
312.0,364140.0,0.6717774868011475,0.196496844291687,4
580.0,369495.0,0.4365413784980774,0.3923163414001465,4
419.0,335070.0,0.3073602318763733,0.5298701524734497,4
311.0,309825.0,0.6719427108764648,0.19637472927570343,4
310.0,316200.0,0.5267958641052246,0.31003984808921814,4
501.0,315180.0,0.5949563384056091,0.25409483909606934,4
748.0,364650.0,0.40414315462112427,0.4244403541088104,4
573.0,370005.0,0.6837863922119141,0.187964528799057,4
943.0,357510.0,0.47108566761016846,0.3596392571926117,4
517.0,330735.0,0.6589043140411377,0.20579127967357635,4
911.0,317475.0,0.6919618844985962,0.18225544691085815,4
302.0,371535.0,0.4443570375442505,0.384799063205719,4
297.0,302940.0,0.35541635751724243,0.4756505489349365,4
296.0,348840.0,0.4353078603744507,0.39351093769073486,4
609.0,314925.0,0.4664173126220703,0.36398375034332275,4
849.0,299370.0,0.4224749207496643,0.40609344840049744,4
295.0,323850.0,0.45307058095932007,0.3765055537223816,4
407.0,363375.0,0.3715967535972595,0.45823562145233154,4
290.0,368475.0,0.4068470597267151,0.4217195212841034,4
554.0,351135.0,0.4086437225341797,0.41992467641830444,4
287.0,330480.0,0.6331679821014404,0.22479572892189026,4
810.0,360825.0,0.4774123430252075,0.3538361191749573,4
308.0,371790.0,0.5953600406646729,0.25377359986305237,4
380.0,345525.0,0.46472060680389404,0.3655721843242645,4
348.0,322320.0,0.4008781313896179,0.42779767513275146,4
938.0,339150.0,0.40679436922073364,0.4217749536037445,4
456.0,346290.0,0.39787977933883667,0.43083444237709045,4
455.0,360825.0,0.38096851110458374,0.4483630061149597,4
644.0,317475.0,0.3538120985031128,0.47742077708244324,4
800.0,358530.0,0.37912803888320923,0.4502807557582855,4
636.0,366180.0,0.40629512071609497,0.4222886562347412,4
927.0,369750.0,0.4083104729652405,0.4202708303928375,4
928.0,317220.0,0.3851585388183594,0.44401082396507263,4
465.0,352410.0,0.5021959543228149,0.3314850628376007,4
596.0,303960.0,0.3782705068588257,0.45120126008987427,4
931.0,334050.0,0.3715454339981079,0.45830658078193665,4
285.0,319260.0,0.465140700340271,0.3651663064956665,4
343.0,307275.0,0.43968212604522705,0.3893601596355438,4
344.0,368985.0,0.4934358596801758,0.33932727575302124,4
937.0,368730.0,0.5530077219009399,0.287968248128891,4
346.0,372045.0,0.4088447093963623,0.41969233751296997,4
894.0,307530.0,0.39886659383773804,0.429829478263855,4
364.0,331245.0,0.5080196857452393,0.32635602355003357,4
379.0,332010.0,0.5924243927001953,0.2561121881008148,4
799.0,368730.0,0.6190810203552246,0.23538342118263245,4
648.0,299880.0,0.7319896221160889,0.15496760606765747,4
487.0,343995.0,0.42116135358810425,0.4074036777019501,4
378.0,310590.0,0.3645777702331543,0.4657541513442993,4
484.0,342210.0,0.3602280616760254,0.4704420864582062,4
483.0,350115.0,0.44848060607910156,0.38088348507881165,4
482.0,312630.0,0.42428678274154663,0.40431666374206543,4
629.0,357000.0,0.4612591862678528,0.3687988817691803,4
654.0,338640.0,0.46541404724121094,0.36492791771888733,4
819.0,315435.0,0.5434795022010803,0.29588598012924194,4
480.0,363630.0,0.5501204133033752,0.2903267741203308,4
476.0,349350.0,0.5722910165786743,0.2721387445926666,4
591.0,310080.0,0.5144064426422119,0.3208119571208954,4
593.0,374085.0,0.32009315490722656,0.5151153206825256,4
330.0,302685.0,0.6170936226844788,0.23694007098674774,4
653.0,339915.0,0.43150973320007324,0.3972427248954773,4
652.0,301155.0,0.37653666734695435,0.4530370235443115,4
373.0,302430.0,0.6137354969978333,0.23956233263015747,4
880.0,307530.0,0.42942237854003906,0.3992963433265686,4
582.0,331755.0,0.546854555606842,0.2930504381656647,4
930.0,370515.0,0.436984658241272,0.39191293716430664,4
204.0,301410.0,0.3970664143562317,0.4317060112953186,4
240.0,325635.0,0.4310072064399719,0.3977302014827728,4
237.0,308550.0,0.33565300703048706,0.49747997522354126,4
988.0,319260.0,0.3560699224472046,0.47494399547576904,4
233.0,373320.0,0.3096354007720947,0.5272052884101868,4
36.0,315180.0,0.4557238817214966,0.37401899695396423,4
67.0,307785.0,0.4994277358055115,0.3339988589286804,4
228.0,301665.0,0.3879183530807495,0.4410994052886963,4
89.0,358020.0,0.5958950519561768,0.2534262537956238,4
223.0,315945.0,0.4652465581893921,0.36511436104774475,4
181.0,334050.0,0.33001387119293213,0.5038221478462219,4
145.0,345525.0,0.4286119341850281,0.40006157755851746,4
121.0,357510.0,0.42012763023376465,0.4084286391735077,4
217.0,347055.0,0.4209270477294922,0.4076530337333679,4
216.0,331755.0,0.4472581148147583,0.3820314109325409,4
997.0,371535.0,0.42839258909225464,0.40028610825538635,4
123.0,359550.0,0.48142606019973755,0.3501501977443695,4
14.0,324615.0,0.3396245241165161,0.4930483400821686,4
205.0,303705.0,0.5086603760719299,0.3258524239063263,4
955.0,318240.0,0.3998833894729614,0.4288043677806854,4
71.0,342465.0,0.6033312082290649,0.2475634217262268,4
32.0,355470.0,0.43326568603515625,0.3954925835132599,4
73.0,363630.0,0.3540065288543701,0.47718027234077454,4
16.0,339150.0,0.4111443758010864,0.41738274693489075,4
17.0,344760.0,0.4955865144729614,0.33742278814315796,4
192.0,351900.0,0.2892594337463379,0.5513426661491394,4
195.0,305490.0,0.4972684383392334,0.3358743190765381,4
74.0,352410.0,0.34601229429244995,0.48595109581947327,4
138.0,337110.0,0.46787339448928833,0.36262595653533936,4
136.0,324870.0,0.6092802286148071,0.24294231832027435,4
9.0,308805.0,0.2875666618347168,0.5533885359764099,4
90.0,362355.0,0.3698735237121582,0.46007800102233887,4
40.0,353685.0,0.3447492718696594,0.48735153675079346,4
106.0,352155.0,0.559780478477478,0.28240856528282166,4
103.0,334815.0,0.5907994508743286,0.25736838579177856,4
153.0,304980.0,0.36991792917251587,0.4600468575954437,4
104.0,346035.0,0.5136682987213135,0.3213915228843689,4
5.0,314160.0,0.38248616456985474,0.4467447102069855,4
264.0,336855.0,0.4413052797317505,0.3877228796482086,4
263.0,351135.0,0.2709810733795166,0.5736606121063232,4
262.0,313905.0,0.5944933891296387,0.2544800043106079,4
58.0,329970.0,0.4521307349205017,0.3773959279060364,4
261.0,303195.0,0.5191171169281006,0.3166961371898651,4
260.0,354705.0,0.41646355390548706,0.4120752215385437,4
51.0,338895.0,0.36384767293930054,0.46653032302856445,4
96.0,345525.0,0.30842769145965576,0.5286149382591248,4
259.0,348075.0,0.4071095585823059,0.42145854234695435,4
55.0,338640.0,0.39405494928359985,0.4347488582134247,4
100.0,336345.0,0.3220670819282532,0.51285719871521,4
97.0,366435.0,0.4171828627586365,0.4113224148750305,4
948.0,345270.0,0.4750492572784424,0.3559844493865967,4
149.0,366690.0,0.3687191605567932,0.46130555868148804,4
63.0,311610.0,0.4109039306640625,0.41763371229171753,4
179.0,317730.0,0.35776251554489136,0.4731130003929138,4
253.0,366690.0,0.46403831243515015,0.36618009209632874,4
93.0,345525.0,0.48703533411026,0.34504684805870056,4
154.0,368730.0,0.41753798723220825,0.41100507974624634,4
66.0,419475.0,0.4188443422317505,0.40967369079589844,5
137.0,419730.0,0.538615345954895,0.29996129870414734,5
829.0,380460.0,0.47269588708877563,0.35816633701324463,5
583.0,427890.0,0.5281197428703308,0.3088715374469757,5
155.0,409020.0,0.35358166694641113,0.477642297744751,5
444.0,412335.0,0.5186433792114258,0.3170871436595917,5
956.0,418965.0,0.39576345682144165,0.4329868257045746,5
811.0,437835.0,0.4941742420196533,0.33864447474479675,5
890.0,445485.0,0.37450212240219116,0.45514312386512756,5
975.0,429675.0,0.3675995469093323,0.4624950885772705,5
142.0,446760.0,0.588412880897522,0.25923749804496765,5
421.0,378930.0,0.3834696412086487,0.4457269012928009,5
893.0,379950.0,0.4666634202003479,0.36375096440315247,5
146.0,422790.0,0.3501136302947998,0.4814285933971405,5
147.0,426870.0,0.3639194369316101,0.46642833948135376,5
901.0,442680.0,0.37418490648269653,0.4554847478866577,5
613.0,397035.0,0.40596312284469604,0.4225923717021942,5
454.0,397035.0,0.6980950236320496,0.177989661693573,5
900.0,443445.0,0.3086555600166321,0.5283429026603699,5
152.0,389130.0,0.3703896403312683,0.4595320522785187,5
970.0,417435.0,0.40477877855300903,0.42380720376968384,5
999.0,398310.0,0.5062937140464783,0.3278970420360565,5
457.0,384285.0,0.453383207321167,0.3762059509754181,5
112.0,380715.0,0.3084561824798584,0.5285893082618713,5
556.0,446505.0,0.2907785177230835,0.5495190620422363,5
491.0,403665.0,0.36946284770965576,0.46050602197647095,5
555.0,432480.0,0.4000140428543091,0.42863449454307556,5
111.0,392190.0,0.36399775743484497,0.46635517477989197,5
110.0,399330.0,0.4089429974555969,0.4195958971977234,5
283.0,428145.0,0.42568033933639526,0.40290671586990356,5
504.0,410805.0,0.3338165879249573,0.49952471256256104,5
542.0,447270.0,0.5747554302215576,0.2701880633831024,5
541.0,409530.0,0.5354807376861572,0.3026385009288788,5
511.0,420495.0,0.5842200517654419,0.2625580132007599,5
540.0,445995.0,0.5638724565505981,0.278967022895813,5
853.0,401880.0,0.633439302444458,0.22451497614383698,5
514.0,428910.0,0.4961707592010498,0.33683842420578003,5
855.0,382500.0,0.3250638246536255,0.5094260573387146,5
99.0,425085.0,0.4341552257537842,0.39462369680404663,5
856.0,386070.0,0.33356404304504395,0.49980980157852173,5
859.0,447525.0,0.35621196031570435,0.4747562110424042,5
520.0,396270.0,0.4758526682853699,0.35525044798851013,5
557.0,391935.0,0.5294687747955322,0.30777978897094727,5
581.0,394740.0,0.4822923541069031,0.34935253858566284,5
115.0,425595.0,0.2881423234939575,0.5526875257492065,5
558.0,415140.0,0.3864785432815552,0.44259169697761536,5
458.0,424320.0,0.4509747624397278,0.37848031520843506,5
79.0,384030.0,0.4160928726196289,0.4124242961406708,5
577.0,377400.0,0.4206581711769104,0.40790408849716187,5
969.0,378420.0,0.3944193720817566,0.4343825578689575,5
572.0,393975.0,0.5654706954956055,0.27768674492836,5
464.0,379185.0,0.5242948532104492,0.3121807277202606,5
961.0,434520.0,0.4441748857498169,0.38497915863990784,5
962.0,396525.0,0.5157995223999023,0.31955328583717346,5
963.0,374850.0,0.5076525211334229,0.32665926218032837,5
835.0,406470.0,0.6945466995239258,0.1803872138261795,5
967.0,407745.0,0.33171576261520386,0.501885712146759,5
886.0,431715.0,0.44210636615753174,0.3869583010673523,5
125.0,385815.0,0.38039833307266235,0.44892722368240356,5
966.0,409530.0,0.36469757556915283,0.46561136841773987,5
842.0,431715.0,0.40654194355010986,0.42200684547424316,5
84.0,417690.0,0.34772735834121704,0.4840514659881592,5
122.0,429420.0,0.3919139504432678,0.4369479715824127,5
87.0,380460.0,0.3833990693092346,0.4458065629005432,5
118.0,443190.0,0.3530470132827759,0.47821342945098877,5
116.0,393210.0,0.3082822561264038,0.5287908911705017,5
54.0,432225.0,0.39208412170410156,0.4367688298225403,5
162.0,405705.0,0.44458645582199097,0.38455629348754883,5
158.0,431205.0,0.3429296612739563,0.489346981048584,5
763.0,442425.0,0.5257812738418579,0.31088948249816895,5
766.0,428655.0,0.36957937479019165,0.4603785574436188,5
11.0,387855.0,0.3995264768600464,0.4291415214538574,5
221.0,382500.0,0.3637620806694031,0.466616153717041,5
338.0,415395.0,0.38354867696762085,0.44563916325569153,5
687.0,444465.0,0.3170776963233948,0.5185818076133728,5
207.0,378165.0,0.6510746479034424,0.21146096289157867,5
328.0,384540.0,0.4119747281074524,0.41653481125831604,5
206.0,399075.0,0.5757114887237549,0.2693808376789093,5
774.0,431970.0,0.4989714026451111,0.3343307077884674,5
409.0,429930.0,0.3328593373298645,0.5005954504013062,5
993.0,377145.0,0.46929967403411865,0.36129793524742126,5
22.0,412845.0,0.41175389289855957,0.4167528748512268,5
932.0,444975.0,0.30335456132888794,0.5345498323440552,5
950.0,434775.0,0.517723798751831,0.31786367297172546,5
723.0,379440.0,0.6497491598129272,0.21239955723285675,5
772.0,384540.0,0.5974862575531006,0.25213420391082764,5
234.0,384540.0,0.39487969875335693,0.43387508392333984,5
699.0,385305.0,0.4016284942626953,0.4270000755786896,5
322.0,419985.0,0.5084209442138672,0.3259965479373932,5
945.0,406215.0,0.44097644090652466,0.388049453496933,5
279.0,415140.0,0.3600589632987976,0.47059717774391174,5
278.0,388875.0,0.4226193428039551,0.4059508740901947,5
276.0,440385.0,0.30812644958496094,0.5289520025253296,5
291.0,410805.0,0.35141849517822266,0.4800015985965729,5
292.0,441915.0,0.338900089263916,0.4938356876373291,5
269.0,448290.0,0.3952127695083618,0.43354514241218567,5
268.0,433500.0,0.37035953998565674,0.459539532661438,5
298.0,445740.0,0.39594566822052,0.4327898919582367,5
3.0,414885.0,0.47689396142959595,0.35430118441581726,5
944.0,399075.0,0.7666725516319275,0.13226178288459778,5
738.0,411570.0,0.6590218544006348,0.20566436648368835,5
256.0,377910.0,0.41288530826568604,0.4156319200992584,5
6.0,414375.0,0.34017759561538696,0.49239736795425415,5
248.0,397545.0,0.373859703540802,0.45584338903427124,5
747.0,404430.0,0.3379899859428406,0.49485233426094055,5
242.0,414120.0,0.42484450340270996,0.4037293791770935,5
929.0,393720.0,0.5117341876029968,0.323076993227005,5
782.0,383520.0,0.5002838373184204,0.3331967294216156,5
201.0,444720.0,0.42885303497314453,0.3997882902622223,5
169.0,395760.0,0.46286487579345703,0.3672765791416168,5
920.0,407745.0,0.5741848349571228,0.27063414454460144,5
802.0,394995.0,0.39671218395233154,0.4320268929004669,5
951.0,393210.0,0.4765222668647766,0.3546503186225891,5
804.0,423555.0,0.4648923873901367,0.36540141701698303,5
180.0,403155.0,0.4771072268486023,0.35410401225090027,5
385.0,416670.0,0.3785836100578308,0.4508388638496399,5
989.0,447780.0,0.5047460198402405,0.3292143642902374,5
184.0,447015.0,0.36100608110427856,0.4695762097835541,5
185.0,416415.0,0.4077257513999939,0.42081066966056824,5
187.0,421515.0,0.3472409248352051,0.48458483815193176,5
166.0,416415.0,0.3370532989501953,0.49589604139328003,5
651.0,400350.0,0.4320516586303711,0.39669227600097656,5
177.0,448035.0,0.4035966992378235,0.42499369382858276,5
190.0,409785.0,0.39036834239959717,0.4385477304458618,5
52.0,381480.0,0.40530288219451904,0.4232695698738098,5
406.0,422025.0,0.3381861448287964,0.4946320056915283,5
522.0,422025.0,0.5251519680023193,0.3114510178565979,5
631.0,394230.0,0.3208249807357788,0.5142756700515747,5
196.0,407490.0,0.4348292350769043,0.39396241307258606,5
633.0,440640.0,0.38853877782821655,0.44043341279029846,5
25.0,445740.0,0.4203647971153259,0.4081573188304901,5
50.0,423810.0,0.4836500883102417,0.3481246829032898,5
979.0,423810.0,0.5086991190910339,0.32574838399887085,5
59.0,457980.0,0.36088210344314575,0.4696992337703705,6
720.0,478635.0,0.5141756534576416,0.32092177867889404,6
91.0,484500.0,0.38088399171829224,0.4484080374240875,6
44.0,499545.0,0.3875007629394531,0.4415004253387451,6
550.0,480165.0,0.432655394077301,0.3961004912853241,6
549.0,469710.0,0.36040276288986206,0.47022324800491333,6
546.0,477615.0,0.41298943758010864,0.41551241278648376,6
95.0,506685.0,0.3270787000656128,0.5071184635162354,6
706.0,520200.0,0.5781993865966797,0.2673708200454712,6
711.0,481950.0,0.5360573530197144,0.3021387755870819,6
985.0,492150.0,0.31959831714630127,0.5156682729721069,6
553.0,452880.0,0.6239553689956665,0.2317003458738327,6
983.0,486030.0,0.3537237048149109,0.4774675667285919,6
715.0,512805.0,0.39883750677108765,0.42981788516044617,6
2.0,454155.0,0.5362747311592102,0.30197709798812866,6
729.0,463845.0,0.44758856296539307,0.3816872835159302,6
732.0,522750.0,0.4785386323928833,0.3527494966983795,6
977.0,452625.0,0.40253257751464844,0.42607516050338745,6
795.0,464865.0,0.36404865980148315,0.4662920832633972,6
697.0,490110.0,0.4681020975112915,0.36238569021224976,6
10.0,480165.0,0.35754430294036865,0.4733143448829651,6
786.0,470220.0,0.46959632635116577,0.3609856963157654,6
826.0,517650.0,0.37744319438934326,0.45202988386154175,6
590.0,518670.0,0.41533493995666504,0.4131634533405304,6
665.0,462315.0,0.37624019384384155,0.4533229470252991,6
667.0,462825.0,0.4665136933326721,0.36386919021606445,6
668.0,472005.0,0.35743772983551025,0.47342953085899353,6
830.0,456195.0,0.6173095703125,0.2367367446422577,6
31.0,513825.0,0.4022325277328491,0.4263685345649719,6
23.0,511530.0,0.34293675422668457,0.48932793736457825,6
72.0,509235.0,0.3392295241355896,0.493463933467865,6
673.0,523005.0,0.457059383392334,0.372711181640625,6
778.0,505155.0,0.40368592739105225,0.4248811602592468,6
64.0,515355.0,0.300345778465271,0.538102388381958,6
773.0,511530.0,0.5815517902374268,0.2646903395652771,6
836.0,493680.0,0.5641065835952759,0.278783917427063,6
682.0,502095.0,0.5736889243125916,0.27100929617881775,6
566.0,473025.0,0.6443716287612915,0.21635976433753967,6
820.0,517650.0,0.4931926131248474,0.33948516845703125,6
843.0,498525.0,0.3868452310562134,0.4421856999397278,6
683.0,503880.0,0.8173830509185791,0.10062014311552048,6
815.0,454155.0,0.46745365858078003,0.36299610137939453,6
769.0,460020.0,0.8233785629272461,0.09704913198947906,6
649.0,456705.0,0.5635812282562256,0.27921614050865173,6
88.0,495975.0,0.5070659518241882,0.32720398902893066,6
614.0,493425.0,0.4738982915878296,0.35700759291648865,6
813.0,464100.0,0.37116026878356934,0.458685040473938,6
650.0,495975.0,0.4010022282600403,0.42762571573257446,6
864.0,498015.0,0.3119071125984192,0.524551272392273,6
877.0,492150.0,0.40532320737838745,0.42324182391166687,6
459.0,449055.0,0.4471859931945801,0.3820870816707611,6
363.0,465375.0,0.3707053065299988,0.45916569232940674,6
933.0,491385.0,0.4319394826889038,0.39677512645721436,6
445.0,486030.0,0.4101075530052185,0.4184153974056244,6
957.0,475575.0,0.41088157892227173,0.417622447013855,6
350.0,483480.0,0.4184790849685669,0.41004690527915955,6
203.0,475830.0,0.37681877613067627,0.4527021050453186,6
453.0,510000.0,0.4419924020767212,0.38705721497535706,6
198.0,512805.0,0.34510719776153564,0.48692649602890015,6
132.0,470475.0,0.5055345892906189,0.32850998640060425,6
460.0,479655.0,0.5191452503204346,0.31662455201148987,6
942.0,508215.0,0.5928604006767273,0.2557179629802704,6
340.0,462825.0,0.4096261262893677,0.4188997745513916,6
213.0,512550.0,0.3569222688674927,0.4739774465560913,6
220.0,471495.0,0.27162986993789673,0.5728367567062378,6
128.0,474555.0,0.3955923318862915,0.43314290046691895,6
127.0,517650.0,0.3701671361923218,0.4597294330596924,6
954.0,449820.0,0.4566648602485657,0.3730924129486084,6
126.0,498015.0,0.3630755543708801,0.46732452511787415,6
367.0,478380.0,0.4116694927215576,0.416831374168396,6
191.0,495975.0,0.31902414560317993,0.5163266062736511,6
160.0,460275.0,0.3284164071083069,0.5056146383285522,6
159.0,495720.0,0.2705429792404175,0.5741782188415527,6
157.0,496740.0,0.42300283908843994,0.40553849935531616,6
412.0,465120.0,0.3725438714027405,0.45722922682762146,6
175.0,462315.0,0.419965922832489,0.4085642695426941,6
151.0,452625.0,0.37707310914993286,0.4524332284927368,6
176.0,481185.0,0.3999440670013428,0.42870065569877625,6
370.0,450330.0,0.3524019718170166,0.47891348600387573,6
917.0,459255.0,0.3578394055366516,0.472995400428772,6
899.0,471240.0,0.35386842489242554,0.47730395197868347,6
898.0,507195.0,0.38173550367355347,0.4475102424621582,6
384.0,484755.0,0.47114652395248413,0.3595578074455261,6
182.0,460785.0,0.2834506034851074,0.5583590865135193,6
186.0,466140.0,0.4035601019859314,0.42502492666244507,6
897.0,482460.0,0.3062295913696289,0.531180739402771,6
143.0,460275.0,0.5893396735191345,0.2585064768791199,6
428.0,488070.0,0.478607714176178,0.3526929020881653,6
883.0,465630.0,0.4475715756416321,0.3816988468170166,6
401.0,496740.0,0.3967956304550171,0.43191325664520264,6
519.0,461040.0,0.42838358879089355,0.400271475315094,6
510.0,466140.0,0.4454062581062317,0.383783221244812,6
108.0,514845.0,0.40653759241104126,0.4220055937767029,6
258.0,483225.0,0.35293734073638916,0.4783307909965515,6
244.0,521475.0,0.2959524989128113,0.5433145761489868,6
98.0,474555.0,0.458060622215271,0.37175580859184265,6
309.0,478125.0,0.4693794846534729,0.36118578910827637,6
998.0,500055.0,0.396536648273468,0.43219730257987976,6
498.0,475320.0,0.5520177483558655,0.288718581199646,6
107.0,475320.0,0.3412123918533325,0.4912635385990143,6
496.0,477360.0,0.6219873428344727,0.23317483067512512,6
267.0,483480.0,0.3426373600959778,0.4896604120731354,6
301.0,500310.0,0.46270567178726196,0.36740317940711975,6
324.0,504900.0,0.4339185357093811,0.39485490322113037,6
872.0,470985.0,0.35328811407089233,0.47795069217681885,6
949.0,514335.0,0.3021851181983948,0.5359299778938293,6
490.0,522495.0,0.4731009006500244,0.3577481508255005,6
299.0,467415.0,0.35319989919662476,0.4780440032482147,6
488.0,476340.0,0.5071334838867188,0.3271156847476959,6
273.0,478890.0,0.3465999364852905,0.48529189825057983,6
477.0,457980.0,0.330217182636261,0.5035768747329712,6
492.0,471750.0,0.423525869846344,0.4050498604774475,6
120.0,506685.0,0.34312671422958374,0.4891199767589569,6
964.0,461040.0,0.3827497959136963,0.44645771384239197,6
300.0,550290.0,0.4476175904273987,0.38165080547332764,7
189.0,530145.0,0.4035288691520691,0.4250452220439911,7
745.0,545700.0,0.4718039631843567,0.35895079374313354,7
744.0,573750.0,0.4095854163169861,0.41892188787460327,7
743.0,568395.0,0.4615216851234436,0.36849334836006165,7
710.0,591600.0,0.4734612703323364,0.35741332173347473,7
400.0,582165.0,0.5066052675247192,0.3275645673274994,7
398.0,532440.0,0.49068641662597656,0.34174856543540955,7
798.0,594150.0,0.5880589485168457,0.2594794034957886,7
281.0,587775.0,0.30771833658218384,0.5294248461723328,7
386.0,564060.0,0.4494137167930603,0.37993326783180237,7
924.0,569670.0,0.4343268871307373,0.3944423198699951,7
43.0,543915.0,0.32255393266677856,0.5122770071029663,7
921.0,571455.0,0.4834810495376587,0.3482804298400879,7
272.0,546210.0,0.39080291986465454,0.43808698654174805,7
638.0,593130.0,0.5724215507507324,0.2720036506652832,7
35.0,592110.0,0.45011311769485474,0.3792721629142761,7
224.0,549780.0,0.460712194442749,0.36927783489227295,7
666.0,565590.0,0.4481128454208374,0.3811885714530945,7
368.0,536775.0,0.38855117559432983,0.44040659070014954,7
767.0,553860.0,0.3566674590110779,0.4742605686187744,7
222.0,529125.0,0.35645216703414917,0.47449252009391785,7
12.0,597720.0,0.4295833110809326,0.3990679085254669,7
754.0,548760.0,0.5468221306800842,0.29303932189941406,7
230.0,571455.0,0.27451759576797485,0.5692713260650635,7
686.0,562785.0,0.393105685710907,0.43569517135620117,7
684.0,527850.0,0.45707523822784424,0.37268778681755066,7
323.0,545190.0,0.38877105712890625,0.44018879532814026,7
342.0,535500.0,0.3966108560562134,0.43211135268211365,7
749.0,562785.0,0.3763806223869324,0.4531428813934326,7
202.0,566355.0,0.3153747320175171,0.5205249190330505,7
796.0,530145.0,0.4617013931274414,0.3683319389820099,7
351.0,559470.0,0.45812517404556274,0.3716965317726135,7
939.0,529125.0,0.4600769281387329,0.3698759078979492,7
674.0,553605.0,0.5140330791473389,0.32105281949043274,7
200.0,598485.0,0.47656893730163574,0.3545553982257843,7
241.0,529890.0,0.37420934438705444,0.4554404020309448,7
672.0,526065.0,0.5182434916496277,0.3173987567424774,7
934.0,551055.0,0.46936172246932983,0.36120232939720154,7
362.0,559980.0,0.4351593255996704,0.3936322033405304,7
764.0,591855.0,0.461928129196167,0.36812010407447815,7
254.0,565335.0,0.3746405243873596,0.4549828767776489,7
366.0,570945.0,0.43004804849624634,0.3986239433288574,7
257.0,543150.0,0.3801516890525818,0.44917726516723633,7
995.0,576810.0,0.5296928286552429,0.30752527713775635,7
525.0,572220.0,0.5673857927322388,0.27612563967704773,7
150.0,557940.0,0.3860241174697876,0.4430335462093353,7
163.0,557685.0,0.3386383652687073,0.4940972328186035,7
117.0,550800.0,0.33454686403274536,0.498678982257843,7
124.0,541875.0,0.5510512590408325,0.28951889276504517,7
881.0,577065.0,0.33463239669799805,0.49860426783561707,7
571.0,590325.0,0.5052773952484131,0.3287177085876465,7
463.0,550290.0,0.3226364850997925,0.5121758580207825,7
462.0,574005.0,0.5420436859130859,0.29705876111984253,7
576.0,555900.0,0.45728933811187744,0.37246882915496826,7
77.0,572985.0,0.44828468561172485,0.38101398944854736,7
960.0,571965.0,0.46954023838043213,0.36105141043663025,7
452.0,571455.0,0.30359160900115967,0.5342676639556885,7
585.0,538050.0,0.5909686088562012,0.2571931481361389,7
632.0,543660.0,0.25999122858047485,0.5873571634292603,7
587.0,581145.0,0.5640562772750854,0.2788168787956238,7
588.0,598485.0,0.46133387088775635,0.36868971586227417,7
825.0,532695.0,0.47323912382125854,0.3576292395591736,7
485.0,546720.0,0.4029281735420227,0.4256513714790344,7
448.0,540345.0,0.39166194200515747,0.43719446659088135,7
493.0,594405.0,0.3685741424560547,0.46143072843551636,7
495.0,573750.0,0.5175535082817078,0.3180113732814789,7
526.0,532185.0,0.4139993190765381,0.4145059883594513,7
528.0,590835.0,0.33287376165390015,0.5005703568458557,7
523.0,571455.0,0.4373186230659485,0.3915504515171051,7
861.0,546210.0,0.4576151371002197,0.37217995524406433,7
860.0,544425.0,0.33331620693206787,0.5000687837600708,7
858.0,532950.0,0.3169559836387634,0.5187044739723206,7
516.0,563805.0,0.4253200888633728,0.4032583236694336,7
854.0,592875.0,0.47902268171310425,0.35231393575668335,7
513.0,525045.0,0.38341277837753296,0.4457812011241913,7
852.0,550545.0,0.4660172462463379,0.3643207550048828,7
965.0,530145.0,0.3106498718261719,0.5260093808174133,7
502.0,569670.0,0.5889358520507812,0.25878143310546875,7
94.0,570180.0,0.3721052408218384,0.4576647877693176,7
547.0,596190.0,0.35402584075927734,0.4771333634853363,7
548.0,541365.0,0.36184900999069214,0.46865114569664,7
494.0,578850.0,0.4205514192581177,0.40797436237335205,7
592.0,571455.0,0.3498692512512207,0.4816724359989166,7
449.0,591345.0,0.526629626750946,0.3101585805416107,7
282.0,532950.0,0.34684401750564575,0.4850050210952759,7
814.0,576810.0,0.35332781076431274,0.4779025912284851,7
443.0,542130.0,0.5207428932189941,0.3152282238006592,7
818.0,594660.0,0.5078856945037842,0.32645153999328613,7
976.0,575535.0,0.5224844217300415,0.313750684261322,7
612.0,567375.0,0.36898118257522583,0.4610009491443634,7
429.0,536265.0,0.5845832824707031,0.2622457444667816,7
427.0,580890.0,0.5045753717422485,0.32934173941612244,7
618.0,585480.0,0.3838611841201782,0.44528064131736755,7
426.0,555645.0,0.5344708561897278,0.30344897508621216,7
438.0,591855.0,0.5123271942138672,0.3225417137145996,7
610.0,538305.0,0.5972298383712769,0.25227034091949463,7
812.0,528360.0,0.5006749629974365,0.3328118920326233,7
870.0,541110.0,0.4408643841743469,0.38812294602394104,7
416.0,562020.0,0.3825491666793823,0.4466652274131775,7
822.0,548505.0,0.4841325879096985,0.3476724326610565,7
599.0,537285.0,0.6074031591415405,0.24433718621730804,7
823.0,535245.0,0.3814520835876465,0.4478153884410858,7
824.0,525810.0,0.3953601121902466,0.43338432908058167,7
626.0,559215.0,0.35647642612457275,0.4744628965854645,7
442.0,584715.0,0.425331711769104,0.4032430946826935,7
622.0,588285.0,0.52703458070755,0.309793621301651,7
608.0,552840.0,0.3968178629875183,0.43188878893852234,7
863.0,607410.0,0.5287072062492371,0.3083672821521759,8
902.0,620925.0,0.5289410352706909,0.30816972255706787,8
922.0,609450.0,0.43865901231765747,0.3902587890625,8
731.0,598995.0,0.381422221660614,0.44783899188041687,8
869.0,669885.0,0.48713159561157227,0.3449316918849945,8
936.0,606900.0,0.4129592776298523,0.4155231714248657,8
750.0,659685.0,0.41516345739364624,0.41331562399864197,8
971.0,598740.0,0.36683619022369385,0.46329233050346375,8
940.0,667335.0,0.44309186935424805,0.38597309589385986,8
941.0,644640.0,0.44691914319992065,0.3823128640651703,8
891.0,614295.0,0.3565710186958313,0.47435709834098816,8
783.0,634440.0,0.4385606646537781,0.3903297483921051,8
889.0,635460.0,0.36785078048706055,0.4621989130973816,8
784.0,665040.0,0.498523473739624,0.334703266620636,8
831.0,635715.0,0.5565134286880493,0.28499045968055725,8
832.0,632145.0,0.5996239185333252,0.25036364793777466,8
785.0,611490.0,0.5737173557281494,0.2709507942199707,8
788.0,633420.0,0.46506810188293457,0.36518993973731995,8
840.0,620925.0,0.46985048055648804,0.36075928807258606,8
882.0,632145.0,0.3734394907951355,0.45625683665275574,8
790.0,656370.0,0.5300470590591431,0.3072109520435333,8
794.0,658155.0,0.496487557888031,0.33652251958847046,8
817.0,621690.0,0.4966775178909302,0.3363831639289856,8
816.0,630870.0,0.4846794605255127,0.34717339277267456,8
926.0,649230.0,0.4808393120765686,0.35066699981689453,8
753.0,669630.0,0.46522313356399536,0.365032434463501,8
0.0,660450.0,0.40291404724121094,0.4256582260131836,8
615.0,620415.0,0.35510724782943726,0.4759422242641449,8
584.0,673455.0,0.5733468532562256,0.27123743295669556,8
589.0,657135.0,0.3853093981742859,0.44377601146698,8
199.0,643365.0,0.4384005665779114,0.3904917538166046,8
188.0,665550.0,0.39108461141586304,0.43777933716773987,8
165.0,606900.0,0.37610626220703125,0.4534277617931366,8
148.0,628575.0,0.5308835506439209,0.3065076470375061,8
611.0,663000.0,0.39775484800338745,0.43092527985572815,8
425.0,607410.0,0.5389684438705444,0.2996351718902588,8
623.0,632400.0,0.5093865394592285,0.32510092854499817,8
140.0,599760.0,0.47628527879714966,0.35482048988342285,8
135.0,643875.0,0.37611275911331177,0.4534161388874054,8
627.0,635970.0,0.3704020380973816,0.4594775140285492,8
655.0,648720.0,0.3836482763290405,0.4455080032348633,8
129.0,667590.0,0.36668193340301514,0.4634358286857605,8
119.0,601035.0,0.3304775357246399,0.5032655000686646,8
102.0,659940.0,0.5627758502960205,0.2798396944999695,8
82.0,627555.0,0.40006667375564575,0.4285494089126587,8
671.0,606645.0,0.504176914691925,0.32970505952835083,8
675.0,637500.0,0.40133804082870483,0.4272637963294983,8
579.0,651015.0,0.6306187510490417,0.22661328315734863,8
68.0,645915.0,0.40152764320373535,0.42706969380378723,8
275.0,613785.0,0.3551633954048157,0.47587868571281433,8
280.0,637245.0,0.4376521706581116,0.39122602343559265,8
431.0,659430.0,0.3552461266517639,0.4758024215698242,8
417.0,673200.0,0.36577004194259644,0.46441981196403503,8
461.0,622200.0,0.4578486680984497,0.3719443380832672,8
408.0,620415.0,0.37091517448425293,0.4589284062385559,8
399.0,628575.0,0.5773506164550781,0.2680451273918152,8
475.0,609195.0,0.4247339367866516,0.40382131934165955,8
478.0,605880.0,0.4787791967391968,0.35253745317459106,8
479.0,622455.0,0.5181126594543457,0.3174994885921478,8
395.0,620670.0,0.5437224507331848,0.29563894867897034,8
392.0,603585.0,0.5406372547149658,0.298242449760437,8
509.0,647190.0,0.4979591965675354,0.33522695302963257,8
515.0,633930.0,0.4912499785423279,0.3412165343761444,8
372.0,657135.0,0.4111802577972412,0.41730600595474243,8
371.0,660195.0,0.33878904581069946,0.4939327538013458,8
552.0,605880.0,0.5254955887794495,0.3111184537410736,8
561.0,636990.0,0.5253427028656006,0.31125834584236145,8
352.0,657900.0,0.5130189061164856,0.3219226598739624,8
349.0,635970.0,0.5670377016067505,0.2763637602329254,8
306.0,616335.0,0.4741280674934387,0.3567982316017151,8
277.0,605625.0,0.36695396900177,0.46316149830818176,8
685.0,617100.0,0.49845296144485474,0.33477911353111267,8
423.0,615825.0,0.37506407499313354,0.45453813672065735,8
705.0,655605.0,0.555605411529541,0.285759836435318,8
39.0,655095.0,0.4999094009399414,0.33348122239112854,8
34.0,628575.0,0.46547889709472656,0.36481085419654846,8
15.0,671925.0,0.48557281494140625,0.3463534414768219,8
717.0,648210.0,0.46118754148483276,0.3688092827796936,8
718.0,655095.0,0.44776248931884766,0.381499707698822,8
716.0,607410.0,0.42457497119903564,0.4039864242076874,8
48.0,669375.0,0.556094765663147,0.2853299081325531,8
719.0,630105.0,0.49024462699890137,0.34212180972099304,8
19.0,638775.0,0.33368879556655884,0.4996545910835266,8
698.0,622455.0,0.4611632823944092,0.3688497841358185,8
42.0,620160.0,0.31263577938079834,0.5236923694610596,8
56.0,641325.0,0.4761729836463928,0.3549204468727112,8
838.0,732105.0,0.5038958787918091,0.3299330174922943,9
709.0,738735.0,0.5354595184326172,0.30260005593299866,9
689.0,734145.0,0.5378456711769104,0.3005722761154175,9
570.0,686205.0,0.5931515693664551,0.2554340064525604,9
990.0,729555.0,0.4684843420982361,0.3619973957538605,9
751.0,707370.0,0.4835611581802368,0.3481588661670685,9
828.0,734145.0,0.45929718017578125,0.3705841600894928,9
435.0,731595.0,0.5115394592285156,0.32320982217788696,9
701.0,696915.0,0.3192560076713562,0.5160529017448425,9
598.0,731340.0,0.43776440620422363,0.39110317826271057,9
752.0,685695.0,0.48836058378219604,0.3438214957714081,9
440.0,702780.0,0.42417222261428833,0.404384583234787,9
704.0,747915.0,0.5121523141860962,0.3226863145828247,9
851.0,694620.0,0.3860582709312439,0.4429877698421478,9
935.0,730320.0,0.4100911617279053,0.4183972179889679,9
907.0,746640.0,0.4527556300163269,0.37673816084861755,9
908.0,677280.0,0.3435034155845642,0.4886891841888428,9
397.0,710175.0,0.508526086807251,0.32586050033569336,9
730.0,746640.0,0.44124990701675415,0.38773685693740845,9
20.0,727005.0,0.37521523237228394,0.45435985922813416,9
389.0,706860.0,0.6512967348098755,0.21124662458896637,9
437.0,744855.0,0.5848928093910217,0.2619839608669281,9
742.0,702780.0,0.46325862407684326,0.3668701648712158,9
865.0,745110.0,0.5014804005622864,0.3320755064487457,9
712.0,738225.0,0.5117246508598328,0.323050856590271,9
721.0,702780.0,0.6645750999450684,0.20158112049102783,9
365.0,732105.0,0.4892438054084778,0.34302768111228943,9
361.0,726750.0,0.4797537326812744,0.35162898898124695,9
360.0,724965.0,0.5562136769294739,0.28523150086402893,9
537.0,732360.0,0.47876977920532227,0.3525261878967285,9
357.0,746130.0,0.6200327277183533,0.2346082478761673,9
737.0,711705.0,0.47588711977005005,0.35518234968185425,9
606.0,697170.0,0.44490891695022583,0.3842226266860962,9
24.0,719355.0,0.3502960205078125,0.4811946451663971,9
791.0,746895.0,0.6097666025161743,0.24248212575912476,9
679.0,701505.0,0.5626388788223267,0.27995699644088745,9
676.0,743325.0,0.4044985771179199,0.424046128988266,9
49.0,731850.0,0.4436604380607605,0.3854198753833771,9
69.0,729810.0,0.5108909606933594,0.32377853989601135,9
70.0,691560.0,0.40044599771499634,0.42817559838294983,9
80.0,736950.0,0.4367738962173462,0.39205363392829895,9
660.0,732360.0,0.37946826219558716,0.44987982511520386,9
789.0,735420.0,0.5173615217208862,0.31813663244247437,9
83.0,713490.0,0.45911306142807007,0.3707563281059265,9
761.0,690285.0,0.5207082033157349,0.3152350187301636,9
656.0,736695.0,0.566655158996582,0.276661217212677,9
797.0,729045.0,0.5203344821929932,0.31555911898612976,9
131.0,736440.0,0.4860149025917053,0.3459230065345764,9
439.0,692070.0,0.3465699553489685,0.48529985547065735,9
133.0,720120.0,0.4781132936477661,0.3531227707862854,9
46.0,719610.0,0.47044456005096436,0.3601855933666229,9
637.0,715785.0,0.5190818309783936,0.31664425134658813,9
634.0,676260.0,0.38413387537002563,0.44499942660331726,9
45.0,746895.0,0.5271247625350952,0.3097045123577118,9
663.0,766275.0,0.40329504013061523,0.42526307702064514,10
388.0,800445.0,0.5690950751304626,0.27468207478523254,10
868.0,752760.0,0.47056305408477783,0.3600739538669586,10
527.0,795855.0,0.5644538998603821,0.2784659266471863,10
524.0,794325.0,0.40942567586898804,0.419071227312088,10
736.0,783105.0,0.5805729031562805,0.2654242515563965,10
600.0,759900.0,0.6061955690383911,0.24524079263210297,10
973.0,807840.0,0.38159114122390747,0.4476442337036133,10
391.0,800190.0,0.5192572474479675,0.31648924946784973,10
601.0,798405.0,0.605928897857666,0.24544242024421692,10
393.0,775965.0,0.5481188297271729,0.29194581508636475,10
574.0,810900.0,0.4723362922668457,0.35843509435653687,10
661.0,764235.0,0.4537616968154907,0.3757953941822052,10
765.0,821100.0,0.3976436257362366,0.43101823329925537,10
757.0,799935.0,0.496188223361969,0.3367793560028076,10
474.0,756840.0,0.4344902038574219,0.39426928758621216,10
678.0,793560.0,0.6033118963241577,0.24748292565345764,10
164.0,817785.0,0.29329949617385864,0.546457827091217,10
994.0,778515.0,0.3941420316696167,0.43462198972702026,10
415.0,750465.0,0.4009031057357788,0.4277023673057556,10
680.0,789990.0,0.536621630191803,0.30160799622535706,10
681.0,767805.0,0.5084500312805176,0.3259176015853882,10
768.0,820590.0,0.5304468870162964,0.30687567591667175,10
441.0,779535.0,0.3467019200325012,0.48515573143959045,10
733.0,770355.0,0.6624312400817871,0.20313067734241486,10
497.0,766020.0,0.3701740503311157,0.4597162902355194,10
862.0,777750.0,0.5470873713493347,0.2928141951560974,10
551.0,800190.0,0.5184521079063416,0.3171856701374054,10
639.0,790755.0,0.6035537123680115,0.2472969889640808,10
834.0,757350.0,0.5212135314941406,0.31479308009147644,10
130.0,765255.0,0.46606940031051636,0.36422842741012573,10
643.0,790755.0,0.606913685798645,0.24468891322612762,10
645.0,796620.0,0.6264019012451172,0.22977584600448608,10
646.0,794325.0,0.5711918473243713,0.2729813754558563,10
839.0,775200.0,0.512702226638794,0.3221926689147949,10
341.0,756330.0,0.33840352296829224,0.4943608343601227,10
741.0,821100.0,0.4738693833351135,0.35702383518218994,10
21.0,749955.0,0.4423975348472595,0.3866305351257324,10
739.0,784380.0,0.4895002245903015,0.34278786182403564,10
434.0,789990.0,0.4664868116378784,0.3638545274734497,10
621.0,757605.0,0.3811025619506836,0.4481557011604309,10
432.0,804015.0,0.5925491452217102,0.2559082508087158,10
850.0,753525.0,0.3193877339363098,0.5158902406692505,10
981.0,819315.0,0.5046898126602173,0.3292349874973297,10
539.0,777240.0,0.6712671518325806,0.19676263630390167,10
358.0,770100.0,0.5609842538833618,0.2812963128089905,10
607.0,757095.0,0.4697278141975403,0.360845148563385,10
536.0,810390.0,0.5765070915222168,0.268687903881073,10
535.0,788205.0,0.5444037914276123,0.2950567603111267,10
359.0,816510.0,0.5996836423873901,0.2503049373626709,10
586.0,749955.0,0.5083521604537964,0.3260200619697571,10
702.0,779280.0,0.4796844720840454,0.35169336199760437,10
274.0,781320.0,0.3644845485687256,0.46579602360725403,10
906.0,879240.0,0.37591224908828735,0.4536145329475403,11
13.0,844305.0,0.4720143675804138,0.3587237000465393,11
903.0,850170.0,0.5781275033950806,0.26738211512565613,11
61.0,831810.0,0.5329616069793701,0.3047229051589966,11
353.0,834360.0,0.5698102116584778,0.2740950286388397,11
307.0,859860.0,0.5055873394012451,0.3284376859664917,11
47.0,868020.0,0.3399192690849304,0.4926632046699524,11
134.0,871590.0,0.44441717863082886,0.3846833407878876,11
982.0,837420.0,0.3432563543319702,0.4889596104621887,11
980.0,864960.0,0.4762348532676697,0.3548544645309448,11
81.0,853230.0,0.45483046770095825,0.3747749924659729,11
387.0,871845.0,0.5247846841812134,0.31171295046806335,11
724.0,830280.0,0.4624632000923157,0.3675995469093323,11
499.0,887910.0,0.47535955905914307,0.3556508421897888,11
568.0,892500.0,0.6012212634086609,0.24910539388656616,11
538.0,876180.0,0.5506805181503296,0.2898070812225342,11
857.0,839970.0,0.3484742045402527,0.48319169878959656,11
755.0,830280.0,0.44917362928390503,0.38014477491378784,11
604.0,883320.0,0.5876014828681946,0.2598210275173187,11
703.0,883830.0,0.48389798402786255,0.34785211086273193,11
530.0,834615.0,0.5373497009277344,0.30099743604660034,11
529.0,892245.0,0.5070356130599976,0.32715699076652527,11
605.0,860115.0,0.5454057455062866,0.29421356320381165,11
625.0,832830.0,0.47377973794937134,0.3571038246154785,11
833.0,891480.0,0.5486395359039307,0.29150503873825073,11
867.0,878730.0,0.34129947423934937,0.4911254942417145,11
640.0,891735.0,0.5807369351387024,0.26528874039649963,11
430.0,887400.0,0.5851175785064697,0.26179566979408264,11
642.0,887655.0,0.5528223514556885,0.2880339026451111,11
657.0,845325.0,0.5562921762466431,0.2851523160934448,11
740.0,875925.0,0.5155965685844421,0.3196607530117035,11
762.0,843285.0,0.43932032585144043,0.38959386944770813,11
562.0,856800.0,0.5356507897377014,0.3024333119392395,11
728.0,853230.0,0.5658477544784546,0.27731797099113464,11
727.0,837930.0,0.40592265129089355,0.42259836196899414,11
575.0,837675.0,0.43911510705947876,0.38979002833366394,11
760.0,833595.0,0.4385981559753418,0.39028799533843994,11
470.0,832320.0,0.5908932685852051,0.2572121322154999,11
469.0,867765.0,0.5232266187667847,0.3130481541156769,11
467.0,889695.0,0.5508267879486084,0.28969138860702515,11
436.0,838185.0,0.5434590578079224,0.29584428668022156,11
433.0,892755.0,0.5104663372039795,0.3241436183452606,11
603.0,829515.0,0.5715715289115906,0.2726660668849945,11
602.0,878475.0,0.550644040107727,0.2898421287536621,11
695.0,928455.0,0.44762760400772095,0.3816108703613281,12
827.0,898365.0,0.4372681975364685,0.39157775044441223,12
904.0,929475.0,0.2928028106689453,0.5470558404922485,12
793.0,926415.0,0.4848506450653076,0.34698107838630676,12
792.0,959820.0,0.5418856143951416,0.2971592843532562,12
658.0,928200.0,0.5312474966049194,0.3061695694923401,12
688.0,940440.0,0.5481423139572144,0.2919202148914337,12
76.0,938655.0,0.5222785472869873,0.31387123465538025,12
974.0,925650.0,0.4179871082305908,0.4104869067668915,12
641.0,924630.0,0.5436859130859375,0.2956560552120209,12
635.0,909840.0,0.4082863926887512,0.42020970582962036,12
669.0,924375.0,0.3747140169143677,0.45488297939300537,12
567.0,907290.0,0.5206542015075684,0.3152773380279541,12
414.0,914430.0,0.33714401721954346,0.4957613945007324,12
413.0,961860.0,0.2798166871070862,0.5627500414848328,12
726.0,910095.0,0.4341210722923279,0.39462652802467346,12
396.0,933045.0,0.5321793556213379,0.3053779900074005,12
394.0,970530.0,0.45420724153518677,0.37535759806632996,12
708.0,917235.0,0.64473557472229,0.2160607874393463,12
707.0,968235.0,0.526587963104248,0.310162752866745,12
390.0,905760.0,0.5980462431907654,0.2515910565853119,12
508.0,952935.0,0.4976619482040405,0.3354630768299103,12
837.0,959565.0,0.3957557678222656,0.43295443058013916,12
376.0,957525.0,0.5659931898117065,0.2771958112716675,12
866.0,921315.0,0.3318329453468323,0.5017203688621521,12
375.0,912645.0,0.4374445080757141,0.39139559864997864,12
696.0,963390.0,0.4313838481903076,0.39729049801826477,12
544.0,958290.0,0.4413313865661621,0.3876494765281677,12
756.0,966195.0,0.47911006212234497,0.3522036373615265,12
356.0,924630.0,0.5216898918151855,0.3143801987171173,12
758.0,945540.0,0.4776585102081299,0.35353487730026245,12
972.0,907035.0,0.3610128164291382,0.4695301353931427,12
563.0,930240.0,0.6152641177177429,0.2382446974515915,12
564.0,933300.0,0.570989191532135,0.2731345295906067,12
694.0,996030.0,0.44779956340789795,0.38144540786743164,13
734.0,1019745.0,0.6579194068908691,0.20639845728874207,13
692.0,998580.0,0.4255577325820923,0.40299689769744873,13
677.0,973845.0,0.5214115381240845,0.3146193325519562,13
693.0,1004445.0,0.44083720445632935,0.3881196975708008,13
759.0,1021785.0,0.36725926399230957,0.4628140926361084,13
197.0,998070.0,0.35704153776168823,0.47382649779319763,13
534.0,975120.0,0.5643703937530518,0.2785205841064453,13
787.0,978435.0,0.3816831111907959,0.4475467801094055,13
659.0,1044225.0,0.47859638929367065,0.35267847776412964,13
624.0,983025.0,0.4227290749549866,0.4057885408401489,13
156.0,998070.0,0.5302411317825317,0.30703306198120117,13
471.0,1031220.0,0.5323001742362976,0.3052724003791809,13
565.0,1004955.0,0.5132361650466919,0.3217174708843231,13
473.0,999090.0,0.5052186250686646,0.32875367999076843,13
355.0,1034790.0,0.6030624508857727,0.24766689538955688,13
545.0,1023315.0,0.5219478607177734,0.3141516149044037,13
503.0,1026120.0,0.6132156848907471,0.23980727791786194,13
505.0,998070.0,0.548862099647522,0.29132094979286194,13
506.0,1005465.0,0.5027600526809692,0.3309326767921448,13
725.0,1082475.0,0.4230906367301941,0.4054277539253235,14
472.0,1122510.0,0.5501366853713989,0.2902553379535675,14
670.0,1059015.0,0.3947739601135254,0.4339585304260254,14
532.0,1095225.0,0.5371408462524414,0.30116283893585205,14
533.0,1096500.0,0.5129190683364868,0.32199397683143616,14
664.0,1120980.0,0.33280426263809204,0.5006257891654968,14
354.0,1101600.0,0.5971128344535828,0.25231218338012695,14
229.0,1075335.0,0.43816691637039185,0.3906979262828827,14
597.0,1060035.0,0.4061950445175171,0.4223133623600006,14
662.0,1062330.0,0.42017853260040283,0.4083121120929718,14
507.0,1119960.0,0.4456523060798645,0.3834971785545349,14
531.0,1077120.0,0.5567498207092285,0.28477439284324646,14
